Servicio,Camas Ocupadas,Camas habilitadas,Camas disponibles,Ocupacion,Camas Ocupadas COVID
General,6670,8439,1769,0.7903780068728522,0
Intermedio,507,881,374,0.5754824063564131,0
UCI,956,2605,859,0.6702495201535509,790
