Servicio,Camas Ocupadas,Camas Ocupadas COVID,Camas habilitadas,Camas disponibles,% Ocupación
General,6121,0,8715,2594,0.7023522662076879
Intermedio,741,0,1053,312,0.7037037037037037
UCI,1114,482,1689,575,0.6595618709295441
