Servicio,Camas Ocupadas,Camas habilitadas,Camas disponibles,Ocupacion,Camas Ocupadas COVID
General,6739,8658,1919,0.7783552783552784,0
Intermedio,786,1045,259,0.7521531100478469,0
UCI,586,2024,355,0.8246047430830039,1083
