Servicio,Camas Ocupadas,Camas Ocupadas COVID,Camas habilitadas,Camas disponibles,% Ocupación
General,6460,0,8731,2271,0.7398923376474631
Intermedio,813,0,1100,287,0.7390909090909091
UCI,637,559,1738,542,0.6881472957422324
