Servicio,Camas Ocupadas,Camas Ocupadas COVID,Camas habilitadas,Camas disponibles,% Ocupación
General,5480,0,8146,3188,0.6727228087404862
Intermedio,671,0,957,371,0.7011494252873564
UCI,804,178,1406,653,0.6984352773826458
